veh01_distance_mean,veh01_distance_var,veh12_distance_mean,veh12_distance_var,veh1_a_mean,veh1_a_var,veh2_a_mean,veh2_a_var
-13.171547547474947,5.2900724896037365,-12.463966799657335,7.9209928557122335,-0.03514667195095958,0.2815078210807537,-0.17415208345794536,0.1361853844216055
-8.628156813423903,14.164764095157855,-5.860170512922772,42.20265366909838,-0.004962423342404843,0.20215494151029023,-0.02311647959092885,0.0830683598618899
