veh01_distance_mean,veh01_distance_var,veh12_distance_mean,veh12_distance_var,veh1_a_mean,veh1_a_var,veh2_a_mean,veh2_a_var
-13.171547547474947,5.2900724896037365,-12.463966799657335,7.9209928557122335,-0.03514667195095958,0.2815078210807537,-0.17415208345794536,0.1361853844216055
-9.921443432014218,9.408753994838012,-8.8919951118437,46.5087127510927,0.22161741759745993,0.185274291231021,0.13886089159323858,0.07664283090634921
