veh01_distance_mean,veh01_distance_var,veh12_distance_mean,veh12_distance_var,veh1_a_mean,veh1_a_var,veh2_a_mean,veh2_a_var
-11.260239408944958,19.54337306665054,-11.116741214624943,10.92600654650307,0.26698080733844654,0.15836731617004576,0.2667687300976786,0.0828560304164734
-9.033087961689208,16.12793294963287,-8.867581534624932,89.13654536793989,0.3001356439592751,0.15595647832459691,0.2663531925820473,0.08264870603534988
