veh0_veh1_distance_mean,veh0_veh1_distance_var,veh1_veh2_distance_mean,veh1_veh2_distance_var,veh1_a_mean,veh1_a_var,veh2_a_mean,veh2_a_var,veh1_v_mean,veh1_v_var,veh2_v_mean,veh2_v_var
-26.5458897977825,78.18155770485575,-17.93251234013951,35.42622931764989,0.3588136082575744,0.1271850072187029,0.28849394654780236,0.07439542686392654,6.5200398135958695,8.325468470977668,5.795965573394807,5.532689348907512
-19.139572195984666,29.337283607515143,-18.525312878116427,31.641163116697275,0.2673969038898793,0.05091381978186032,0.200815237843896,0.019116066598361216,7.305154666473216,8.84716377769618,6.923083204159839,8.948775825027708
