veh0_veh1_distance_mean,veh0_veh1_distance_var,veh1_veh2_distance_mean,veh1_veh2_distance_var,veh1_a_mean,veh1_a_var,veh2_a_mean,veh2_a_var,veh1_v_mean,veh1_v_var,veh2_v_mean,veh2_v_var
-21.369774435055138,39.80299163295486,-20.34008529942668,30.142458543250736,-0.29557984378116203,0.10678401083185161,-0.27574967272916423,0.13674790024523947,8.065692387491689,4.122182586322941,8.79254677668866,3.9671439659935013
-20.21030538688832,17.121776274408752,-21.36633533761683,24.342979925109496,-0.25187668953652315,0.04350461046784264,-0.21807955894568692,0.027103836643872996,8.008324495224485,4.6990202570170965,8.536804774969358,5.34091074212681
