veh0_veh1_distance_mean,veh0_veh1_distance_var,veh1_veh2_distance_mean,veh1_veh2_distance_var,veh1_a_mean,veh1_a_var,veh2_a_mean,veh2_a_var,veh1_v_mean,veh1_v_var,veh2_v_mean,veh2_v_var
-26.5458897977825,78.18155770485575,-17.93251234013951,35.42622931764989,0.3588136082575744,0.1271850072187029,0.28849394654780236,0.07439542686392654,6.5200398135958695,8.325468470977668,5.795965573394807,5.532689348907512
-20.60489035298766,37.59298236431812,-21.242527419401643,54.83888304416665,-0.20661568496186386,0.35156433479606675,-0.1199022921235239,0.18226949625730224,8.214130487441016,12.04186206083475,8.503862825061752,15.780538319073388
