veh0_veh1_distance_mean,veh0_veh1_distance_var,veh1_veh2_distance_mean,veh1_veh2_distance_var,veh1_a_mean,veh1_a_var,veh2_a_mean,veh2_a_var,veh1_v_mean,veh1_v_var,veh2_v_mean,veh2_v_var
-24.811636841386477,91.45543348969012,-16.403140158769382,31.5924883874619,-0.13198763346333406,1.8730063390789058,0.17511281825886998,1.4022729599701724,5.134617010577025,12.17367367286541,5.041457182636473,10.914649471434986
-15.838867561596292,46.74054999794868,-15.31373956349812,28.75678238486028,-0.01615479470319798,0.38821924356661797,0.11671833513414467,0.34443204383519804,4.87492240887281,5.702353059137948,4.695527740946919,4.351168001868741
