veh0_veh1_distance_mean,veh0_veh1_distance_var,veh1_veh2_distance_mean,veh1_veh2_distance_var,veh1_a_mean,veh1_a_var,veh2_a_mean,veh2_a_var,veh1_v_mean,veh1_v_var,veh2_v_mean,veh2_v_var
-21.369774435055138,39.80299163295486,-20.34008529942668,30.142458543250736,-0.29557984378116203,0.10678401083185161,-0.27574967272916423,0.13674790024523947,8.065692387491689,4.122182586322941,8.79254677668866,3.9671439659935013
-21.58391178978102,21.484310290223586,-25.22889513742778,38.3908282518294,-0.7762509778604517,0.3156581663993224,-0.7052612012943432,0.3204662042035014,9.071051976392786,6.471062144856531,10.53875611789595,9.597569669813984
