veh0_veh1_distance_mean,veh0_veh1_distance_var,veh1_veh2_distance_mean,veh1_veh2_distance_var,veh1_a_mean,veh1_a_var,veh2_a_mean,veh2_a_var,veh1_v_mean,veh1_v_var,veh2_v_mean,veh2_v_var
-24.811636841386477,91.45543348969012,-16.403140158769382,31.5924883874619,-0.13198763346333406,1.8730063390789058,0.17511281825886998,1.4022729599701724,5.134617010577025,12.17367367286541,5.041457182636473,10.914649471434986
-15.544135183523833,43.64132194827049,-13.583937836468213,39.08048113309059,0.28685860847429673,0.31052146477661824,0.4489924173038908,0.11754600743660923,4.345860750102822,8.07320130868009,3.5211411018652896,6.191275641533435
