veh0_veh1_distance_mean,veh0_veh1_distance_var,veh1_veh2_distance_mean,veh1_veh2_distance_var,veh1_a_mean,veh1_a_var,veh2_a_mean,veh2_a_var,veh1_v_mean,veh1_v_var,veh2_v_mean,veh2_v_var
-20.04895911947941,3.4828341458267222,-24.01396605171301,42.69626974896238,0.3769064781042346,0.4515068347524728,0.304549172816945,0.07578256020458898,9.216344455586068,4.8400143134859075,8.3380477620566,3.6992388053144647
-28.0454917774116,18.10077087220015,-33.19302154070836,38.97073852177684,-1.3068472057935179,0.711906936423973,-1.233718253904255,0.29594665753881527,12.281275748030309,7.094490265147005,14.548666737754429,9.419045212644418
