veh0_veh1_distance_mean,veh0_veh1_distance_var,veh1_veh2_distance_mean,veh1_veh2_distance_var,veh1_a_mean,veh1_a_var,veh2_a_mean,veh2_a_var,veh1_v_mean,veh1_v_var,veh2_v_mean,veh2_v_var
-13.470311884705103,4.1259107294528015,-15.21823385048454,9.372352600207307,-0.06553141891296449,0.17992395264956304,-0.09338315269639529,0.18475595025967592,4.170482967769735,1.2626626407718424,4.510098548340657,2.0746956989513334
-12.632076795891106,3.5047821566417734,-13.979420838689268,12.183165442210536,-0.08801089728856065,0.09840580549694616,-0.12845553366275328,0.10700068742878198,4.135569606474896,0.7394797004389666,4.599723907871656,1.8197901223215223
