veh0_veh1_distance_mean,veh0_veh1_distance_var,veh1_veh2_distance_mean,veh1_veh2_distance_var,veh1_a_mean,veh1_a_var,veh2_a_mean,veh2_a_var,veh1_v_mean,veh1_v_var,veh2_v_mean,veh2_v_var
-11.260239408944958,19.54337306665054,-11.116741214624943,10.92600654650307,0.26698080733844654,0.15836731617004576,0.2667687300976786,0.0828560304164734,2.2831178130625314,2.797801536008537,2.1521618425735287,3.9149702988394983
-10.129344978798699,16.38436881474088,-9.293609415660503,8.733835182402066,0.2905726557290355,0.13346413380974684,0.22935981025222574,0.06242907784146925,2.4290362020854603,2.9750379228937063,2.09067473014702,1.9508080632581375
