veh0_veh1_distance_mean,veh0_veh1_distance_var,veh1_veh2_distance_mean,veh1_veh2_distance_var,veh1_a_mean,veh1_a_var,veh2_a_mean,veh2_a_var,veh1_v_mean,veh1_v_var,veh2_v_mean,veh2_v_var
-20.04895911947941,3.4828341458267222,-24.01396605171301,42.69626974896238,0.3769064781042346,0.4515068347524728,0.304549172816945,0.07578256020458898,9.216344455586068,4.8400143134859075,8.3380477620566,3.6992388053144647
-23.081370468122287,15.367809254990657,-21.77044165167399,17.45361762615862,0.3832508812484812,0.184871267977899,0.30339622382561804,0.03496643764032127,8.906022773640847,4.491705098307852,8.262012501378955,3.6082500157902966
