veh0_veh1_distance_mean,veh0_veh1_distance_var,veh1_veh2_distance_mean,veh1_veh2_distance_var,veh1_a_mean,veh1_a_var,veh2_a_mean,veh2_a_var,veh1_v_mean,veh1_v_var,veh2_v_mean,veh2_v_var
-18.82919635263652,71.33825855204559,-20.70539169841772,43.67794701233578,-0.44963225562227405,0.24280478934392696,-0.40817166904719526,0.19499028044841815,7.168337162130468,10.805132715505287,7.993763435604787,7.747097553469297
-18.880817488632967,46.10143130083734,-19.76847531984911,35.26132057107451,-0.430027195904824,0.2197250761288205,-0.39148067879280973,0.08430099556736399,7.184192993276567,9.855770896922458,7.936167957698824,8.484521525522878
