veh0_veh1_distance_mean,veh0_veh1_distance_var,veh1_veh2_distance_mean,veh1_veh2_distance_var,veh1_a_mean,veh1_a_var,veh2_a_mean,veh2_a_var,veh1_v_mean,veh1_v_var,veh2_v_mean,veh2_v_var
-13.171547547474947,5.2900724896037365,-12.463966799657335,7.9209928557122335,-0.03514667195095958,0.2815078210807537,-0.17415208345794536,0.1361853844216055,3.3299469826899144,0.9419720864918866,3.481329178035768,1.7824852005520395
-11.287884948924116,3.440158035604473,-12.090859395096112,7.125032085717118,-0.03516010530542452,0.20646092129706056,-0.11618266072021335,0.12021031169095853,3.5585360561527,1.0097802776299916,3.8024959119307984,1.645619308868483
