veh0_veh1_distance_mean,veh0_veh1_distance_var,veh1_veh2_distance_mean,veh1_veh2_distance_var,veh1_a_mean,veh1_a_var,veh2_a_mean,veh2_a_var,veh1_v_mean,veh1_v_var,veh2_v_mean,veh2_v_var
-23.179513634852242,2.249909445428082,-22.28307290852831,11.42668044088572,-0.060851078433046595,0.0607488074649277,-0.06540904825640098,0.22620655569708692,7.065190367243756,0.4701091415526102,7.37306290955502,1.9500975782704475
-18.780738315397468,3.7918541901400387,-21.120582876692403,16.086212557495433,-0.10401507389353362,0.026530200005207318,-0.10969272670469858,0.041739457714266556,7.340731311840805,0.6868549652474621,7.927187417644993,1.3311586346469912
